{"OverlayPuzzleId": ["ChickBots", "Hands", "Meltdowns", "Dobloons", "SmashCrates", "BeaconEnergy", "Lanterns", "Craters", "Ships", "Snuff", "Sporepod", "PinkRings", "TimeTrial", "Traffic", "Valve"], "PinkRingMoveType": ["None", "Linear", "Sine"], "Damage": ["Generic", "TheVoid", "Lava", "Electric"], "HazardDamageType": ["None", "Generic", "Kill"], "LaserType": ["Default", "Hieroglyphic"], "Msg": ["NULL", "Activate", "Deactivate", "DeactivateAll", "Trigger", "ScriptEnable", "ScriptDisable", "ScriptDelay", "ScriptButtonDelay", "ScriptWaitDialogue", "ScriptWaitForActor", "MoveAndAlignTo", "MoveTo", "AlignTo", "LookAt", "SetValue", "AddValue", "Show", "Hide", "SnapTo", "WalkTo", "RunTo", "TurnTowards", "StopMoving", "Say", "Talk", "SetExpression", "SetAnimation", "SetAction", "HitActor", "Suspend", "Unsuspend", "IncrementPuzzleValue", "DecrementPuzzleValue", "Complete", "AddTime", "SetTime", "Celebrate", "ChangeTarget", "Kill", "SuspendSpline", "UnsuspendSpline", "SetMaxDistance", "SetIdealDistance", "SplineBadguySpecialEvent", "SetCameraPullback", "SetCameraSourceOffsetY", "SetCameraDestOffsetY", "SetCameraPerspective", "NpcShutUpPlease", "FreeCamSnapToJim"], "VehicleClassId": ["NONE", "Biker Dude", "Boat", "Chariot", "RickShaw"], "SpawnPickup": ["NOTHING", "Health", "3Treasure", "5Treasure"], "DoorMoveType": ["Linear", "AcclerateOpenAndClose", "OpenWithBounce"], "ConditionType": ["Always", "IsEqualTo", "IsNotEqualTo", "IsGreaterThan", "IsLessThan"], "MorphAbility": ["Glider", "PowerGauntlets", "Hyper", "HighJump", "Switch", "None"], "SlugType": ["Uppy", "Sidey"], "ButterflyType": ["TypeA", "NULL"], "DrawmodeType": ["Solid", "SemiTrans", "Additive", "Subtractive"], "ParticleType": ["Sprite", "RotatingSprite", "DirectionalSprite"], "ParticleColourEnvelope": ["Constant", "FadeIn", "FadeOut", "FadeInAndOut"], "ParticleSizeEnvelope": ["Constant", "Grow", "Shrink", "GrowAndShrink"], "ParticleTexture": ["Smoke", "Dust", "Grain", "Waterblob", "Flare", "Specific"], "RopeType": ["DefaultRope"], "RopeRenderType": ["NONE", "Rope", "KnottedRope"], "DynamicsType": ["Default"], "PlatformSoundType": ["Silent", "Generic", "BoatA", "BoatB", "BoatC", "WaterDraining", "WoodenBridge", "HeliumPlant", "RaisingMetalGate", "Boat"], "SoundMessageType": ["SetCutsceneMusicOn", "SetCutsceneMusicOff", "TriggerExplosion", "TriggerFadeToSilence", "PlayBossMusic", "StopBossMusic", "RestartLevelMusic"], "SilverState": ["Flamethrower", "Cannon", "HomingMissile", "Buzzsaw", "Sword", "Grenade", "Jam"], "BuzzsawState": ["A_Flat_1", "B_Flat_2", "C_Sine_1", "D_Sine_2", "E_Sine_3", "F_Sawtooth_1", "G_Sawtooth_2", "H_Chop_1", "I_Chop_2", "J_Cyclic_1", "K_Cyclic_2"], "LightFlareType": ["Default", "Candle", "Flasher"], "SplineDelilahType": ["Chasing", "Fleeing"], "CapstainDifficulty": ["Easy", "Medium", "Hard"], "CheckpointMemoryType": ["RememberWithinLevel", "RememberInstantly", "RememberAtCheckpoint"], "PadAxisDef": ["NONE", "L_Anal_UD", "L_Anal_LR", "R_Anal_UD", "R_Anal_LR", "DPAD_LR", "DPAD_UD", "Shoulder_1", "Shoulder_2"], "PadButtonDef": ["NONE", "Triangle", "Circle", "Cross", "Square", "L1", "L2", "R1", "R2", "DPAD_Up", "DPAD_Down", "DPAD_Left", "DPAD_Right", "L_Anal_U", "L_Anal_D", "L_Anal_L", "L_Anal_R", "R_Anal_U", "R_Anal_D", "R_Anal_L", "R_Anal_R"], "PadButtonControlDef": ["NONE", "OnPressed", "OnHeld", "OnReleased"], "CamLookAtDef": ["ORIGIN", "Head", "Body", "Feet"], "NPCExpressionDef": ["DEFAULT", "Happy", "Sad", "Angry", "Confused", "Shocked", "Special1"], "DestroyEffect": ["NONE", "CrateSmash", "GlassSmash"], "AutoGunDef": ["Cannon", "Grenade"], "BallType": ["CannonBall", "LavaBall", "Boulder"], "RopeRenderTypeDef": ["Rope"], "Message": ["Activate", "NULL", "ScriptDelay", "Kill", "ScriptDisable", "Deactivate", "Hide", "StopBossMusic", "SetCameraPullback", "SetCameraSourceOffsetY", "SetCameraDestOffsetY", "SetCameraPerspective", "StopMoving", "TurnTowards", "Say", "ScriptEnable", "MoveAndAlignTo", "SnapTo", "FreeCamSnapToJim", "Show", "SuspendSpline", "Talk", "UnsuspendSpline", "SetCutsceneMusicOn", "TriggerFadeToSilence", "TriggerExplosion", "MoveTo", "LookAt", "SetAnimation", "ScriptWaitForActor", "Complete", "AddValue", "SetCutsceneMusicOff", "RestartLevelMusic", "PlayBossMusic", "SetMaxDistance", "SetIdealDistance", "Trigger", "SetTime", "Unsuspend", "Celebrate", "HitActor", "Suspend", "RunTo", "IncrementPuzzleValue", "SetValue", "ScriptButtonDelay", "ScriptWaitDialogue", "NpcShutUpPlease", "DecrementPuzzleValue", "WalkTo", "SplineBadguySpecialEvent", "SetExpression"], "Condition": ["NULL", "Always", "IsEqualTo"], "DamageType": ["TheVoid", "Kill", "NULL", "Lava", "Generic"], "Expression": ["Sad", "Angry", "Confused", "NULL", "Happy", "DEFAULT"], "OtherExpression": ["NULL", "Angry", "Happy", "Confused", "DEFAULT"], "SoundType": ["NULL", "Boat", "RaisingMetalGate", "Generic", "Silent", "HeliumPlant", "WoodenBridge", "MetalBridge"], "MovementType": ["NULL", "AcclerateOpenAndClose", "OpenWithBounce", "Linear"], "Type": ["Hieroglyphic", "NULL", "Default", "LavaBall", "Cannon", "Fleeing"], "MemoryType": ["RememberInstantly", "NULL"], "Ability": ["Glider", "PowerGauntlets", "Hyper", "Switch", "HighJump", "NULL"], "StateReference": ["NULL"], "BuzzsawReference": ["NULL"], "Effect": ["CrateSmash", "GlassSmash", "NULL"], "RenderType": ["NULL", "Sprite", "RotatingSprite"], "SystemTexture": ["NULL", "Smoke", "Flare"], "DrawMode": ["Additive", "Subtractive"], "ColourEnvelope": ["FadeOut", "NULL"], "SizeEnvelope": ["NULL", "Constant", "GrowAndShrink", "Grow"], "Spawn": ["NOTHING", "3Treasure", "Health", "NULL", "5Treasure"], "Difficulty": ["Easy"], "RopeMovementType": ["NULL"], "RopeRenderStyle": ["KnottedRope"], "Dynamics": ["Default"], "AxisType": ["NULL", "L_Anal_LR", "L_Anal_UD", "NONE"], "ButtonControlType": ["OnPressed", "NULL", "OnHeld", "NONE"], "ButtonType": ["Circle", "NULL", "Cross", "Triangle", "NONE", "Square"], "DefaultClass": ["Boat", "Biker Dude", "Chariot"], "RandomClass01": ["Boat", "Biker Dude"], "RandomClass02": ["Biker Dude", "NULL", "Boat", "Chariot"], "RandomClass03": ["Chariot", "NULL", "Biker Dude"], "RandomClass04": ["Boat", "Biker Dude", "Chariot", "NULL"]}